IDREGION,FYEAR,SM_WHC,maxWLIM_YBp2,maxTWCp2,maxWLAIp2,maxWLIM_YBp4,maxWLIM_YSp4,maxTWCp4,maxWLAIp4,avgRSMp2,avgRSMp4,avgTAVGp0,avgPRECp0,avgCWBp0,avgTAVGp1,avgPRECp1,avgTAVGp2,avgCWBp2,avgPRECp3,avgCWBp4,avgPRECp5,avgFAPARp2,avgFAPARp4,YIELD
NL11,1999,0.22,3612.04,5.19,5.14,15789.23,10792.09,25.32,6.25,72.76,36.36,6.91,1.67,0.37,12.9,1.14,13.79,-1.32,1.49,-1.2,1.31,0.59,0.68,41.0
NL11,2000,0.22,3105.85,4.38,4.74,18877.41,13981.09,27.75,6.06,75.35,51.24,7.12,1.74,0.52,14.46,1.41,13.81,-1.26,2.21,-0.53,2.56,0.65,0.69,41.6
NL11,2001,0.22,2837.69,3.94,4.11,18919.23,13605.38,30.69,6.34,83.64,76.02,5.9,1.86,0.49,12.49,1.2,12.89,-1.24,2.25,0.38,5.62,0.63,0.69,40.7
NL11,2002,0.22,3620.11,5.53,4.92,16722.3,12437.51,27.11,5.37,67.42,49.51,8.1,2.19,0.67,13.28,1.29,14.93,-1.59,2.4,-0.73,1.06,0.66,0.66,40.5
NL11,2003,0.22,2368.56,3.58,3.57,11395.6,7192.2,20.21,5.45,90.24,31.98,5.77,1.2,-0.29,12.33,3.26,12.93,0.04,3.13,-1.93,2.02,0.64,0.65,38.0
NL11,2004,0.22,2140.32,3.35,2.73,18228.44,13702.74,29.49,5.27,74.98,64.46,6.48,1.98,0.56,12.29,0.65,12.08,-2.1,0.58,-0.55,2.31,0.64,0.68,41.4
NL11,2005,0.22,1384.59,2.52,2.07,16144.29,11746.02,27.73,6.13,93.05,54.37,5.68,1.77,0.44,10.14,2.3,12.17,-0.83,1.86,-1.12,1.47,0.62,0.71,40.1
NL11,2006,0.22,2064.08,2.9,3.12,10667.58,6303.55,21.34,5.95,89.99,52.3,4.71,1.31,-0.02,12.98,1.44,13.45,-1.16,2.1,-1.07,2.33,0.63,0.69,37.8
NL11,2007,0.22,2357.51,3.49,3.63,18809.16,14690.94,29.73,5.52,106.04,81.39,8.18,2.18,0.51,12.93,2.33,13.08,0.0,2.09,-0.05,1.95,0.68,0.67,39.0
NL11,2008,0.22,1955.09,3.5,2.99,14685.65,11293.66,25.93,4.43,58.83,50.65,7.01,2.18,0.69,12.97,0.56,14.12,-3.32,0.67,-0.93,1.34,0.63,0.68,42.3
NL11,2009,0.22,2192.83,3.56,3.17,16951.7,11606.88,28.64,6.42,85.52,49.44,6.39,1.36,0.07,11.79,1.87,12.74,-0.76,3.02,-1.24,1.45,0.67,0.68,42.8
NL11,2010,0.22,2063.8,3.31,2.92,13932.27,9923.33,25.14,5.49,73.3,52.7,4.91,1.68,0.25,9.89,1.99,12.14,-1.37,1.2,-0.49,2.96,0.66,0.69,40.0
NL11,2011,0.22,4871.16,7.86,5.72,18583.64,14016.8,29.83,5.72,65.4,69.39,7.26,0.71,-1.11,13.29,1.23,14.05,-1.41,2.44,0.43,3.24,0.73,0.69,42.3
NL12,1999,0.16,3387.84,4.64,4.94,15168.17,9961.35,22.74,6.37,71.68,33.57,6.92,1.7,0.47,12.64,1.02,13.45,-1.0,1.87,-1.13,1.12,0.5,0.67,38.0
NL12,2000,0.16,2919.1,3.98,4.5,15163.11,10299.99,22.43,5.98,88.75,37.2,7.16,1.59,0.45,14.16,1.61,13.45,-0.13,2.75,-0.88,2.64,0.54,0.66,36.9
NL12,2001,0.16,2635.48,3.58,3.79,16121.6,11120.84,25.82,6.19,78.43,64.23,5.91,1.96,0.64,12.09,1.39,12.73,-1.04,1.59,0.27,5.8,0.5,0.66,36.8
NL12,2002,0.16,3576.0,5.59,4.92,17678.94,13278.7,27.57,5.49,65.65,53.24,8.03,2.31,0.78,13.06,1.35,14.74,-1.58,2.28,-0.62,1.14,0.57,0.64,35.0
NL12,2003,0.16,2283.55,3.37,3.41,10091.6,6080.28,17.32,5.38,87.03,22.87,5.99,1.1,-0.35,12.12,3.1,12.85,-0.06,2.61,-2.25,1.14,0.57,0.63,37.1
NL12,2004,0.16,2082.7,3.22,2.75,18745.04,14097.89,28.44,5.51,77.56,64.48,6.6,2.03,0.7,12.25,0.9,12.01,-1.84,0.71,0.04,3.45,0.56,0.67,35.9
NL12,2005,0.16,3047.68,4.74,4.52,16355.18,11990.17,26.48,6.06,78.31,39.81,6.32,1.74,0.26,12.05,1.58,12.6,-1.3,1.59,-0.92,1.76,0.55,0.66,33.8
NL12,2006,0.16,4283.11,6.2,5.83,10750.62,6358.2,20.8,5.83,81.9,46.94,5.9,1.37,-0.18,13.44,1.97,12.38,-1.11,1.28,-1.21,0.32,0.61,0.66,35.5
NL12,2007,0.16,2239.07,3.36,3.4,19542.02,15359.52,30.12,5.43,116.27,70.62,8.36,2.08,0.45,12.83,2.3,13.01,0.3,2.0,-0.15,1.6,0.57,0.64,34.6
NL12,2008,0.16,2014.67,3.47,3.02,13943.9,10688.34,23.63,4.38,51.98,57.41,7.1,2.12,0.62,13.28,0.48,14.13,-3.34,0.61,-0.57,1.94,0.54,0.65,36.8
NL12,2009,0.16,2097.62,3.46,3.04,13809.78,8618.12,23.78,6.49,82.97,36.08,6.38,1.42,0.15,11.73,2.29,12.69,-0.48,3.05,-1.65,1.47,0.61,0.66,37.4
NL12,2010,0.16,1868.0,2.91,2.65,14315.35,10245.85,24.85,5.76,74.87,59.15,5.06,1.62,0.22,9.73,1.95,11.97,-1.29,1.32,-0.18,2.76,0.62,0.67,38.4
NL12,2011,0.16,5048.43,7.93,5.75,18551.45,14075.53,29.54,5.75,48.93,69.25,7.48,0.6,-1.14,13.47,0.99,14.02,-1.68,2.53,0.91,3.74,0.71,0.66,36.1
NL13,1999,0.27,1771.14,2.86,2.76,16195.92,11464.5,26.46,5.97,85.12,46.89,6.56,1.74,0.59,12.23,1.39,13.47,-1.6,1.94,-1.5,1.13,0.47,0.74,43.0
NL13,2000,0.27,3481.57,4.83,5.15,19325.14,14651.36,28.34,5.88,79.05,59.77,7.45,1.85,0.61,15.24,1.4,14.39,-1.13,2.35,-0.48,2.58,0.58,0.75,43.5
NL13,2001,0.27,1392.79,2.18,2.0,18021.49,12867.66,29.81,6.5,89.15,68.6,4.99,1.83,0.68,11.69,1.52,13.33,-2.12,1.82,-0.4,3.75,0.46,0.73,41.7
NL13,2002,0.27,1940.57,2.88,3.11,16698.86,12625.47,26.82,5.16,74.37,52.01,7.48,2.47,1.11,12.15,2.2,13.65,-1.54,1.49,-0.79,1.94,0.52,0.73,41.5
NL13,2003,0.27,849.92,1.2,1.04,12620.34,8515.45,22.29,5.47,102.53,41.31,4.75,1.33,0.02,12.35,1.76,12.62,0.59,2.97,-1.92,2.14,0.5,0.69,37.3
NL13,2004,0.27,2145.4,3.37,2.78,17886.26,13421.82,29.33,5.18,77.75,69.47,6.53,2.14,0.7,12.61,0.99,12.2,-1.67,0.7,-0.48,2.07,0.56,0.74,44.2
NL13,2005,0.27,1468.15,2.79,2.27,16712.28,12431.27,28.49,6.04,96.98,63.63,5.82,1.95,0.63,10.34,2.51,12.35,-0.76,1.82,-1.05,1.57,0.53,0.76,44.1
NL13,2006,0.27,2099.57,2.99,3.36,11407.73,7090.42,22.99,6.0,91.71,47.06,4.92,1.37,0.0,13.47,1.4,13.74,-1.03,2.32,-1.11,2.82,0.53,0.73,37.2
NL13,2007,0.27,897.42,1.38,1.2,18524.14,14575.01,28.95,5.5,111.93,80.77,7.95,2.27,0.77,13.42,1.33,13.46,-0.88,3.09,-0.1,1.95,0.52,0.74,41.6
NL13,2008,0.27,619.36,1.14,0.86,15031.58,11674.74,26.15,4.2,79.86,51.23,6.18,2.34,1.11,11.0,0.66,13.3,-2.85,0.63,-1.31,1.82,0.44,0.74,43.6
NL13,2009,0.27,2538.52,4.31,3.77,17705.84,12610.12,30.18,6.1,83.19,52.82,6.63,1.37,0.01,12.21,1.81,13.17,-1.16,2.82,-1.27,1.24,0.57,0.74,44.6
NL13,2010,0.27,2180.76,3.65,3.11,14300.79,10508.26,25.75,4.99,72.76,55.91,5.19,1.73,0.25,10.05,2.02,12.55,-1.48,1.05,-0.37,2.6,0.55,0.75,39.4
NL13,2011,0.27,4784.95,8.02,5.44,18030.64,13837.45,28.81,5.44,60.76,68.18,7.63,0.74,-1.12,13.53,1.09,14.35,-1.81,2.18,0.43,3.34,0.64,0.76,43.8
NL21,1999,0.22,1887.26,3.01,2.93,15531.0,10855.93,25.49,5.88,85.98,45.97,6.74,1.8,0.64,12.62,1.46,13.75,-1.32,2.1,-1.42,1.13,0.52,0.75,45.0
NL21,2000,0.22,3524.84,4.85,5.2,18571.02,14045.87,27.51,5.78,77.7,55.11,7.62,1.91,0.65,15.6,1.39,14.77,-0.96,2.58,-0.57,2.74,0.59,0.76,43.5
NL21,2001,0.22,1473.8,2.42,2.2,15754.0,11043.11,27.22,6.28,82.36,55.13,5.33,2.0,0.8,12.06,1.51,13.75,-2.41,1.61,-0.81,3.41,0.51,0.74,41.4
NL21,2002,0.22,1846.51,2.78,2.92,15759.72,11934.73,25.45,4.91,68.95,44.46,7.67,2.52,1.06,12.29,2.08,13.69,-1.57,1.37,-0.91,1.67,0.54,0.76,43.7
NL21,2003,0.22,908.64,1.31,1.14,11333.65,7543.37,20.16,5.29,102.07,36.16,4.99,1.31,-0.04,12.52,1.74,12.81,0.64,2.87,-2.01,1.85,0.54,0.68,35.0
NL21,2004,0.22,2001.83,3.09,2.47,18066.27,13571.63,28.81,5.27,74.82,71.53,6.5,2.27,0.85,12.41,1.38,11.96,-1.2,0.9,-0.25,2.15,0.55,0.75,44.2
NL21,2005,0.22,1424.43,2.74,2.2,16629.55,12442.09,27.74,6.02,95.5,64.13,5.89,2.02,0.73,10.37,2.56,12.41,-0.75,1.65,-0.92,1.67,0.56,0.78,45.1
NL21,2006,0.22,2307.21,3.33,3.92,10445.1,6391.8,20.8,6.04,90.26,46.53,5.07,1.44,0.04,13.79,1.41,14.08,-0.89,2.47,-1.14,2.39,0.56,0.72,36.1
NL21,2007,0.22,901.8,1.35,1.22,18223.5,14388.92,28.48,5.42,116.8,75.28,7.95,2.18,0.68,13.41,1.52,13.63,-0.59,3.38,-0.19,1.97,0.58,0.76,41.7
NL21,2008,0.22,616.4,1.12,0.89,14448.59,11024.13,24.83,4.47,83.25,47.28,6.31,2.24,1.02,11.07,0.69,13.44,-2.45,0.9,-1.29,1.85,0.54,0.75,49.4
NL21,2009,0.22,2564.76,4.4,3.9,16817.32,12029.43,28.31,5.81,75.1,45.66,6.68,1.42,0.06,12.46,1.71,13.52,-1.55,2.53,-1.38,1.11,0.58,0.76,46.0
NL21,2010,0.22,2045.49,3.45,2.97,13367.04,9912.44,23.56,4.71,67.91,58.01,5.35,1.68,0.19,10.03,1.71,12.64,-1.56,0.95,-0.07,2.38,0.57,0.74,38.7
NL21,2011,0.22,4350.36,7.2,4.93,17223.86,13378.03,27.27,4.93,52.03,67.08,7.68,0.77,-1.04,13.59,0.9,14.48,-1.98,2.06,0.57,3.28,0.6,0.77,43.3
NL22,1999,0.14,2177.04,3.49,3.37,14032.49,9494.61,23.62,5.51,82.45,41.65,7.14,1.94,0.73,13.35,1.57,14.49,-1.11,2.35,-1.36,0.12,0.62,0.7,44.0
NL22,2000,0.14,1436.6,2.46,2.72,17883.22,13599.94,26.82,5.56,81.2,48.83,6.98,1.98,0.92,13.6,1.29,16.08,-1.38,2.22,-0.83,2.26,0.62,0.7,44.4
NL22,2001,0.14,1554.49,2.8,2.46,12136.1,8210.07,22.66,5.56,67.49,42.07,5.96,2.14,0.86,12.62,1.29,14.54,-3.0,1.26,-1.11,4.25,0.61,0.7,42.6
NL22,2002,0.14,1999.75,3.12,3.24,14884.74,11225.5,24.46,4.73,61.94,37.3,8.04,2.58,1.04,12.66,1.94,13.83,-1.73,1.11,-0.98,1.77,0.67,0.69,45.2
NL22,2003,0.14,964.76,1.42,1.26,8959.53,5314.35,16.9,5.26,106.66,30.37,5.62,1.4,-0.02,12.9,1.6,13.14,0.35,2.72,-2.13,1.58,0.63,0.64,38.7
NL22,2004,0.14,2167.67,3.38,2.78,15942.12,11602.23,26.53,5.23,68.03,52.14,6.77,2.22,0.76,12.69,1.68,12.17,-1.25,1.01,-0.74,2.12,0.64,0.69,46.0
NL22,2005,0.14,1646.84,3.18,2.56,14294.09,10497.5,25.04,5.69,90.17,54.38,6.36,2.05,0.71,11.02,2.39,12.85,-0.96,1.46,-1.19,1.51,0.64,0.72,43.3
NL22,2006,0.14,2448.54,3.53,4.09,8024.35,4033.94,16.51,6.01,93.62,40.02,5.52,1.58,0.18,14.32,1.63,14.62,-0.29,2.95,-1.35,2.52,0.66,0.64,38.9
NL22,2007,0.14,1084.55,1.62,1.58,17795.79,14013.48,28.94,5.3,116.76,70.17,8.32,2.13,0.58,14.2,1.9,14.24,-0.18,3.74,-0.04,2.46,0.66,0.7,43.6
NL22,2008,0.14,702.66,1.32,1.09,15820.05,11883.12,27.63,5.02,82.44,54.1,6.41,2.1,0.88,11.5,0.83,14.0,-1.94,1.67,-0.82,1.97,0.64,0.7,44.6
NL22,2009,0.14,815.39,1.37,1.14,14187.51,9878.21,24.66,5.24,83.68,35.38,5.44,1.47,0.25,12.6,0.95,12.8,-1.85,1.17,-1.72,1.04,0.64,0.69,47.2
NL22,2010,0.14,859.75,1.4,1.1,10722.26,7497.86,20.11,4.81,82.09,50.99,5.06,1.58,0.22,9.64,1.58,10.31,-0.72,1.59,-0.77,5.15,0.61,0.64,42.4
NL22,2011,0.14,2541.07,4.61,3.8,16349.57,12877.58,26.74,4.41,43.6,67.44,7.62,1.25,-0.45,14.35,0.62,14.2,-3.07,1.57,0.31,3.27,0.6,0.7,48.1
NL23,1999,0.16,1988.51,3.14,3.11,15065.35,10126.97,24.26,5.97,75.39,41.04,6.91,1.93,0.81,12.76,1.24,13.79,-1.61,2.13,-1.33,0.76,0.38,0.69,50.0
NL23,2000,0.16,3315.1,4.62,5.05,16766.59,12095.66,24.87,5.92,82.47,40.16,7.65,1.7,0.48,15.16,1.33,14.51,-0.71,2.8,-0.83,2.48,0.46,0.7,52.3
NL23,2001,0.16,1462.77,2.35,2.16,14330.51,9562.28,25.16,6.35,86.92,52.76,5.45,1.99,0.82,11.74,1.55,13.39,-2.26,1.51,-0.76,4.45,0.35,0.67,48.0
NL23,2002,0.16,1918.26,2.86,2.92,16695.6,12395.84,26.59,5.38,71.73,45.23,7.84,2.49,1.06,12.14,2.04,13.39,-1.54,1.39,-0.79,1.14,0.44,0.68,46.5
NL23,2003,0.16,2566.77,3.99,3.96,9110.13,5154.36,16.73,5.59,87.77,20.9,6.52,1.15,-0.44,12.53,3.09,13.15,-0.29,2.56,-2.48,1.22,0.47,0.65,44.4
NL23,2004,0.16,2401.67,3.81,3.25,18625.51,14007.48,29.95,5.45,71.77,68.69,6.88,2.15,0.68,12.77,1.01,12.49,-1.76,0.92,0.0,2.77,0.47,0.69,49.4
NL23,2005,0.16,1548.84,2.97,2.41,16353.17,12120.89,27.96,6.07,88.98,61.58,6.19,2.03,0.71,10.75,2.04,12.57,-1.3,1.67,-0.8,1.71,0.42,0.69,43.5
NL23,2006,0.16,2335.82,3.44,3.84,9956.51,5715.17,20.23,6.1,85.55,48.03,5.4,1.36,-0.04,13.93,1.24,14.27,-1.08,2.26,-0.86,2.66,0.45,0.66,45.7
NL23,2007,0.16,1033.34,1.56,1.41,18846.14,14799.66,29.48,5.59,117.38,76.19,8.22,2.13,0.59,13.66,1.44,13.72,-0.91,3.08,-0.04,2.02,0.44,0.66,48.1
NL23,2008,0.16,735.8,1.45,1.06,14398.02,10827.15,25.21,4.76,77.39,56.98,6.49,2.15,0.89,11.59,0.64,13.91,-2.85,0.89,-0.91,2.41,0.43,0.66,48.5
NL23,2009,0.16,793.68,1.31,1.07,16483.28,11433.19,27.39,5.97,92.06,46.75,5.61,1.34,0.16,12.72,0.93,12.52,-0.62,2.92,-1.25,1.11,0.46,0.66,49.1
NL23,2010,0.16,856.58,1.36,1.04,13629.54,9789.49,24.25,5.33,80.36,54.07,4.64,1.7,0.44,9.65,1.73,10.27,-0.84,1.55,-0.4,5.82,0.44,0.66,48.2
NL23,2011,0.16,3136.1,5.39,4.76,18854.84,14373.7,30.08,5.77,63.1,73.77,7.3,0.97,-0.7,14.09,0.65,13.76,-2.4,1.62,0.74,3.65,0.54,0.7,49.0
NL32,1999,0.12,1568.33,2.32,2.4,11854.55,7920.85,18.53,4.89,43.9,37.24,6.97,1.89,0.82,12.69,0.9,13.6,-1.81,1.84,-1.26,0.65,0.46,0.64,43.0
NL32,2000,0.12,2530.54,3.41,4.01,12418.2,8344.01,18.37,5.31,62.75,35.65,7.57,1.62,0.44,14.54,1.2,14.21,-0.44,2.78,-1.02,1.96,0.54,0.64,43.6
NL32,2001,0.12,1108.05,1.64,1.56,10682.34,6955.52,18.53,5.21,86.13,48.2,5.45,1.92,0.82,11.48,1.52,13.08,-1.88,1.41,-0.9,4.96,0.46,0.63,40.5
NL32,2002,0.12,1538.84,2.25,2.35,13470.11,9988.79,21.17,4.44,40.74,58.64,7.92,2.33,0.93,11.9,1.96,13.15,-1.35,1.42,-0.82,1.18,0.53,0.63,41.1
NL32,2003,0.12,2171.42,3.29,3.39,7141.32,3892.94,12.58,4.68,80.47,13.36,6.77,1.06,-0.51,12.38,2.53,13.06,-0.62,2.16,-2.7,0.94,0.56,0.61,38.1
NL32,2004,0.12,1677.07,2.64,2.17,13600.56,10035.73,21.62,4.25,38.89,54.26,6.92,1.98,0.53,12.23,0.82,11.93,-2.17,0.67,-0.57,3.36,0.56,0.64,43.0
NL32,2005,0.12,1200.3,2.11,1.79,14117.65,10590.47,23.06,5.12,62.73,49.21,6.38,1.92,0.61,10.6,1.45,12.21,-1.64,1.53,-0.93,1.72,0.54,0.64,39.1
NL32,2006,0.12,1893.2,2.68,2.9,8705.37,5079.25,17.5,4.93,64.88,50.09,5.49,1.3,-0.05,13.33,1.09,13.96,-1.28,1.82,-0.87,2.35,0.56,0.65,38.1
NL32,2007,0.12,832.18,1.24,1.1,17426.82,13704.73,26.47,4.86,167.64,65.26,8.44,2.1,0.61,13.37,1.3,13.45,-1.13,2.69,-0.43,1.73,0.52,0.63,39.1
NL32,2008,0.12,620.15,1.15,0.94,10584.87,7936.7,18.29,3.72,40.58,46.27,6.55,2.04,0.75,11.58,0.57,13.87,-2.7,0.88,-1.08,2.73,0.54,0.64,39.2
NL32,2009,0.12,572.7,0.93,0.79,10986.18,6746.76,18.46,5.43,68.85,31.79,5.55,1.24,0.12,11.72,0.62,12.04,-0.81,2.95,-1.74,1.29,0.52,0.62,40.6
NL32,2010,0.12,1494.26,2.36,2.2,10909.62,7676.04,19.56,4.67,62.73,60.57,5.45,1.52,0.06,9.85,1.51,12.17,-1.61,1.29,-0.34,2.95,0.58,0.65,41.1
NL32,2011,0.12,3520.15,5.57,4.07,14776.96,11483.32,23.15,4.07,5.78,65.16,7.85,0.6,-1.21,13.52,0.61,14.09,-2.14,2.14,0.81,3.67,0.63,0.63,36.5
NL33,1999,0.15,2107.36,3.24,3.3,12220.84,8037.33,20.19,5.13,66.96,33.08,7.52,1.83,0.64,13.42,1.01,14.44,-1.8,1.89,-1.5,0.19,0.49,0.63,48.0
NL33,2000,0.15,1137.09,1.92,2.01,16116.17,11881.5,23.64,5.49,82.37,46.83,7.19,1.76,0.74,12.83,1.37,15.34,-1.32,2.41,-1.06,1.97,0.5,0.64,49.5
NL33,2001,0.15,349.43,0.53,0.52,11635.34,7770.18,21.06,5.38,112.14,40.76,5.69,2.18,1.15,9.22,1.83,12.2,-1.55,0.89,-1.63,3.21,0.43,0.61,43.4
NL33,2002,0.15,1839.04,2.82,2.92,13040.71,9147.79,21.52,4.97,53.36,46.7,8.36,2.29,0.73,12.32,1.66,13.39,-1.64,1.36,-1.12,1.03,0.53,0.62,49.3
NL33,2003,0.15,2572.64,4.02,4.02,7784.28,4081.09,14.38,5.3,83.72,18.68,7.14,1.13,-0.56,12.82,2.86,13.47,-0.51,2.46,-2.63,1.48,0.57,0.58,42.7
NL33,2004,0.15,1901.45,2.88,2.42,13880.66,9893.46,23.24,4.81,60.03,51.29,7.18,2.07,0.59,12.19,1.3,11.81,-2.03,0.78,-0.74,2.68,0.55,0.63,48.0
NL33,2005,0.15,1453.63,2.63,2.23,15177.21,11497.58,25.53,5.36,65.93,49.01,6.74,1.91,0.52,11.16,1.6,12.59,-1.49,1.37,-1.04,1.61,0.56,0.64,46.7
NL33,2006,0.15,2224.22,3.01,3.5,8688.06,4634.52,17.24,5.62,91.51,45.2,6.02,1.38,-0.03,13.6,1.36,14.22,-0.11,2.93,-0.84,3.02,0.56,0.61,39.8
NL33,2007,0.15,1129.32,1.71,1.62,18301.92,14228.6,29.28,5.42,135.22,77.98,8.89,1.97,0.47,14.17,1.6,14.29,-0.92,3.33,-0.05,1.75,0.54,0.6,47.6
NL33,2008,0.15,747.56,1.42,1.16,15089.74,11232.36,25.78,4.81,67.54,59.19,6.91,1.99,0.67,12.0,0.74,14.27,-2.01,1.74,-0.72,2.34,0.53,0.63,52.1
NL33,2009,0.15,642.35,1.07,0.9,12375.34,7910.68,21.67,5.45,74.0,34.04,5.74,1.38,0.18,11.93,0.82,12.42,-1.05,2.58,-1.77,1.09,0.54,0.61,51.1
NL33,2010,0.15,798.21,1.26,1.0,10143.26,6637.94,19.8,4.9,76.67,51.51,5.52,1.77,0.39,9.63,1.43,10.25,-0.92,1.47,-0.83,4.71,0.52,0.61,49.0
NL33,2011,0.15,2576.55,4.43,3.76,15272.49,11983.35,25.08,4.19,10.04,63.98,8.02,1.15,-0.6,14.44,0.33,14.17,-3.27,1.26,0.48,3.85,0.59,0.63,50.3
NL34,1999,0.16,692.7,0.97,1.05,13080.67,8600.67,21.64,5.66,93.9,46.56,7.4,1.85,0.81,11.48,1.28,13.6,-1.6,1.07,-1.34,1.89,0.46,0.65,48.0
NL34,2000,0.16,1220.7,1.97,2.11,16838.96,12328.96,25.37,5.8,89.61,47.1,7.54,1.72,0.67,12.74,1.85,15.09,-0.79,2.68,-1.04,1.73,0.56,0.67,49.2
NL34,2001,0.16,381.77,0.61,0.57,11487.23,7731.15,20.9,5.34,92.17,33.56,6.27,2.35,1.27,9.48,1.88,12.31,-1.62,0.78,-1.9,3.15,0.43,0.61,42.7
NL34,2002,0.16,457.16,0.71,0.71,14158.62,9822.54,23.7,5.54,89.17,44.12,7.91,2.09,0.62,10.4,1.74,12.25,-0.73,1.32,-1.09,2.61,0.55,0.67,49.6
NL34,2003,0.16,939.72,1.4,1.28,8829.76,4844.64,16.72,5.63,99.68,31.32,6.62,1.26,-0.27,13.06,1.31,13.08,-0.23,2.2,-2.26,1.75,0.57,0.62,42.9
NL34,2004,0.16,740.39,1.15,0.96,14214.01,9859.09,24.39,5.31,86.97,41.37,6.94,1.88,0.5,11.51,1.3,12.62,-1.58,0.85,-1.14,3.39,0.57,0.68,47.8
NL34,2005,0.16,1775.55,3.18,2.79,15846.96,11990.34,27.23,5.66,76.21,52.87,6.98,1.89,0.53,11.75,1.8,12.95,-1.26,1.21,-0.95,1.6,0.63,0.67,46.0
NL34,2006,0.16,2329.56,3.28,3.67,9270.17,4800.05,19.1,6.05,98.42,43.7,6.13,1.48,0.06,13.39,1.58,13.93,0.33,3.04,-1.03,2.66,0.66,0.64,39.0
NL34,2007,0.16,1311.92,1.96,1.97,19052.74,14745.5,30.7,5.7,105.66,77.35,9.04,1.8,0.18,14.61,0.89,14.68,-1.48,2.73,-0.07,1.48,0.61,0.64,45.4
NL34,2008,0.16,909.16,1.72,1.46,16628.63,12517.37,28.13,5.1,80.47,54.85,7.2,1.86,0.52,12.22,0.92,14.52,-1.88,1.6,-0.82,1.99,0.59,0.67,47.9
NL34,2009,0.16,760.45,1.21,1.06,14310.62,9441.67,24.49,5.82,85.83,41.28,5.94,1.37,0.13,12.32,0.8,12.74,-1.33,2.42,-1.71,0.78,0.59,0.65,46.0
NL34,2010,0.16,1156.72,1.94,1.57,9863.28,5950.86,20.24,5.58,81.06,48.73,5.92,1.57,0.12,10.26,1.02,10.97,-1.52,1.45,-0.84,4.27,0.56,0.64,42.1
NL34,2011,0.16,2912.76,5.07,4.14,14945.17,11628.31,24.56,4.38,37.32,53.19,8.59,1.09,-0.7,14.92,0.33,14.53,-3.35,1.08,-0.42,2.88,0.61,0.67,45.9
NL41,1999,0.15,664.76,0.98,0.97,13878.79,9328.72,23.02,5.61,97.97,47.96,7.02,1.98,0.96,11.27,1.65,13.59,-1.36,1.56,-1.28,1.54,0.47,0.66,51.0
NL41,2000,0.15,1384.37,2.32,2.52,17856.92,13415.38,26.86,5.71,88.77,50.47,7.32,1.84,0.79,13.2,1.63,15.67,-0.92,2.45,-0.84,1.86,0.52,0.67,51.0
NL41,2001,0.15,406.93,0.66,0.6,12237.61,8324.36,22.45,5.44,94.07,37.07,5.89,2.35,1.29,9.46,1.88,12.5,-1.62,0.79,-1.74,3.05,0.44,0.64,47.8
NL41,2002,0.15,495.71,0.8,0.77,14484.48,10464.5,23.98,5.22,84.19,43.62,7.53,2.29,0.86,10.42,2.01,12.58,-0.91,1.34,-1.07,2.24,0.51,0.66,49.7
NL41,2003,0.15,952.33,1.42,1.28,8770.77,4875.03,16.57,5.55,105.22,30.55,6.22,1.35,-0.17,13.09,1.55,13.13,0.06,2.51,-2.25,1.61,0.53,0.62,46.0
NL41,2004,0.15,2096.42,3.26,2.68,15093.61,10749.31,25.46,5.33,69.16,47.27,7.06,2.0,0.52,12.36,1.33,11.9,-1.87,0.94,-0.89,2.1,0.55,0.67,52.2
NL41,2005,0.15,1696.55,3.1,2.59,15015.76,11199.76,25.98,5.63,84.83,52.38,6.66,2.0,0.65,11.26,1.99,12.71,-1.15,1.35,-1.17,1.47,0.55,0.67,48.0
NL41,2006,0.15,2436.54,3.41,3.93,9015.9,4757.93,18.37,6.1,94.55,44.31,5.85,1.49,0.06,13.83,1.53,14.35,0.03,3.07,-0.91,2.56,0.57,0.66,44.6
NL41,2007,0.15,1228.57,1.83,1.84,18353.4,14290.48,29.85,5.52,111.76,75.99,8.65,1.94,0.34,14.56,1.45,14.59,-0.81,3.31,0.04,1.77,0.56,0.64,47.7
NL41,2008,0.15,847.81,1.62,1.33,16093.59,12074.92,27.83,5.06,80.8,54.6,6.83,1.96,0.67,11.91,0.86,14.33,-1.86,1.79,-0.76,2.05,0.54,0.68,51.6
NL41,2009,0.15,703.97,1.16,0.99,13360.65,8751.11,23.85,5.6,85.18,36.82,5.61,1.49,0.27,12.23,1.05,12.61,-1.42,1.77,-1.81,1.0,0.54,0.66,52.1
NL41,2010,0.15,979.02,1.65,1.28,9793.37,6192.6,19.9,5.23,83.51,48.09,5.58,1.68,0.26,9.82,1.4,10.57,-0.98,1.69,-1.04,4.54,0.51,0.65,49.9
NL41,2011,0.15,2711.07,4.79,3.98,16376.74,12970.92,26.68,4.43,40.06,57.7,8.19,1.15,-0.62,14.65,0.36,14.39,-3.26,1.3,0.07,4.02,0.56,0.69,54.4
NL42,1999,0.16,726.36,1.1,1.06,13183.5,8975.1,23.42,5.34,103.23,49.86,6.84,2.11,0.99,11.48,2.06,13.78,-1.14,2.11,-1.41,1.59,0.46,0.63,54.0
NL42,2000,0.16,1574.32,2.69,3.02,17867.3,13759.62,28.42,5.4,94.2,64.93,7.19,1.99,0.84,14.0,1.79,16.49,-0.97,2.25,-0.51,2.35,0.5,0.64,53.4
NL42,2001,0.16,498.44,0.87,0.74,11135.69,7631.71,21.37,4.73,82.02,33.5,5.96,2.55,1.45,9.91,2.04,13.16,-1.64,0.63,-2.08,2.71,0.46,0.6,51.3
NL42,2002,0.16,563.11,0.97,0.94,13789.97,10527.48,23.45,4.44,82.9,45.49,7.32,2.51,1.06,10.61,2.97,13.21,-0.52,1.47,-1.1,2.39,0.5,0.66,52.9
NL42,2003,0.16,1174.39,1.78,1.63,9486.69,5872.02,18.65,5.08,108.21,32.49,6.07,1.52,0.02,13.61,1.65,13.87,-0.15,2.36,-2.27,1.56,0.52,0.61,48.8
NL42,2004,0.16,802.92,1.31,1.09,15619.25,11315.16,27.75,5.18,84.91,50.8,6.2,1.93,0.57,11.65,2.08,12.99,-0.76,1.62,-0.92,2.67,0.48,0.65,55.0
NL42,2005,0.16,561.74,0.92,0.65,12580.44,9174.43,23.46,4.97,100.98,51.57,6.36,1.84,0.56,11.59,2.69,11.88,-0.25,2.0,-1.49,1.89,0.54,0.66,50.6
NL42,2006,0.16,922.08,1.66,1.66,8640.64,4490.82,17.83,6.05,94.25,53.01,4.41,1.69,0.53,12.44,1.18,14.54,-1.51,3.52,-0.93,3.54,0.49,0.61,48.4
NL42,2007,0.16,1352.16,2.14,2.24,17312.93,13527.33,30.03,5.21,107.42,74.75,8.69,1.98,0.31,14.91,1.02,15.01,-1.13,3.06,-0.01,2.26,0.55,0.67,55.0
NL42,2008,0.16,841.27,1.63,1.38,16866.04,13124.86,29.62,4.89,81.95,62.64,6.86,2.09,0.74,11.97,1.32,14.64,-1.87,1.98,-0.62,1.35,0.52,0.67,54.0
NL42,2009,0.16,827.54,1.36,1.24,12655.36,8832.92,23.11,4.56,85.81,32.32,5.66,1.61,0.35,12.73,1.3,13.21,-1.76,1.03,-1.96,1.1,0.53,0.63,56.1
NL42,2010,0.16,278.8,0.4,0.35,8390.53,5021.39,17.92,4.88,99.26,45.94,4.55,1.43,0.13,9.9,0.61,10.24,-1.2,2.1,-1.31,4.55,0.46,0.61,54.4
NL42,2011,0.16,1172.16,2.07,1.98,13692.71,10645.61,23.39,3.86,63.71,44.57,7.14,1.35,-0.1,13.71,0.43,14.8,-3.31,0.55,-0.86,3.75,0.51,0.65,60.2
